id,name,description,poster,limit
45,Vertigo,Consectetur ut qui. Eius quia dignissimos. Vero itaque enim.,https://robohash.org/inveliteum.png?size=300x300&set=set1,18
28,Unforgiven,Odit illo possimus. Voluptas quibusdam et. Est a eum.,https://robohash.org/accusantiumquasiconsequuntur.png?size=300x300&set=set1,6
50,Unforgiven,Et quo recusandae. Cum repudiandae soluta. Laboriosam ab facere.,https://robohash.org/autminusquia.png?size=300x300&set=set1,12
63,Unforgiven,In veniam iure. Corporis ipsa dolore. Suscipit libero sit.,https://robohash.org/voluptasetmolestias.png?size=300x300&set=set1,0
43,Toy Story 2,Labore enim aut. Amet quis deleniti. Autem voluptatibus inventore.,https://robohash.org/odioaperiamvoluptate.png?size=300x300&set=set1,18
9,To Kill a Mockingbird,Rerum nemo quia. Quaerat eius hic. Sunt qui quisquam.,https://robohash.org/doloribusipsaut.png?size=300x300&set=set1,16
42,The Sixth Sense,Asperiores tenetur libero. Eos quis voluptas. Eveniet maxime est.,https://robohash.org/sitminussaepe.png?size=300x300&set=set1,16
19,The Sixth Sense,Sunt tenetur id. Amet occaecati quia. Voluptatem ducimus necessitatibus.,https://robohash.org/rerumautiste.png?size=300x300&set=set1,0
60,The Shining,Explicabo at voluptas. Et ab tempora. Beatae ducimus non.,https://robohash.org/inaccusantiumsint.png?size=300x300&set=set1,6
41,The Shawshank Redemption,Rem eos sit. Fugit necessitatibus vitae. Nostrum iste non.,https://robohash.org/estveritatisaut.png?size=300x300&set=set1,0
88,The Shawshank Redemption,Et rem dicta. Est ipsam cupiditate. Reiciendis dolorem labore.,https://robohash.org/eadictaitaque.png?size=300x300&set=set1,18
92,The Princess Bride,Aut distinctio quia. Ipsam enim nostrum. Voluptatum veniam iure.,https://robohash.org/consecteturexblanditiis.png?size=300x300&set=set1,18
26,The Princess Bride,Neque in debitis. Eos quisquam ipsa. Delectus explicabo hic.,https://robohash.org/reprehenderiteaasperiores.png?size=300x300&set=set1,0
66,The Prestige,Omnis porro ratione. Laboriosam soluta quidem. Sapiente amet dolorem.,https://robohash.org/utconsequunturdolore.png?size=300x300&set=set1,18
58,The Prestige,At voluptatem quia. Excepturi ipsa suscipit. Consequatur mollitia dolore.,https://robohash.org/consecteturnonveniam.png?size=300x300&set=set1,16
21,The Pianist,Vitae illum ea. Quod molestiae ex. Blanditiis voluptatibus corporis.,https://robohash.org/eumanimiquia.png?size=300x300&set=set1,18
94,The Matrix,Et quia quia. Voluptatem consequatur voluptas. Reprehenderit nesciunt odit.,https://robohash.org/sitdoloremqueex.png?size=300x300&set=set1,12
98,The Lord of the Rings: The Two Towers,Possimus dolorem ad. Qui aut magnam. In pariatur recusandae.,https://robohash.org/velaeaque.png?size=300x300&set=set1,0
13,The Lord of the Rings: The Two Towers,Id distinctio eos. Aut et voluptatem. Sed vitae similique.,https://robohash.org/exharumsit.png?size=300x300&set=set1,6
14,The Lord of the Rings: The Two Towers,Qui sequi aperiam. Quia omnis ea. Ab sit similique.,https://robohash.org/autemconsequaturdicta.png?size=300x300&set=set1,16
49,The Lord of the Rings: The Return of the King,Aut et sit. Commodi dicta nisi. Beatae harum sed.,https://robohash.org/rerumpraesentiumhic.png?size=300x300&set=set1,12
27,The Lives of Others,Placeat et esse. Fugit at quam. Dicta voluptatibus suscipit.,https://robohash.org/voluptatemvelest.png?size=300x300&set=set1,16
79,The Intouchables,In voluptatem sunt. Voluptas nulla in. Assumenda quia voluptas.,https://robohash.org/fugaetaut.png?size=300x300&set=set1,6
22,The Help,Eius ut et. Et fugiat esse. Soluta dolores voluptas.,https://robohash.org/etconsequaturfacilis.png?size=300x300&set=set1,0
57,The Green Mile,Sit dolores id. Quo ut harum. Aut qui assumenda.,https://robohash.org/debitisiustoconsequuntur.png?size=300x300&set=set1,6
75,The Green Mile,Possimus quidem quia. Voluptatum quae accusamus. Praesentium dolor quas.,https://robohash.org/exercitationemeumqui.png?size=300x300&set=set1,0
20,The Godfather: Part II,Voluptatem laborum doloribus. Ab fugiat reprehenderit. Minus iure assumenda.,https://robohash.org/totamcupiditatesit.png?size=300x300&set=set1,6
10,The Godfather,Eum ratione excepturi. Ratione voluptas quis. Optio doloribus dolorum.,https://robohash.org/underationeeligendi.png?size=300x300&set=set1,18
100,The General,Excepturi ea provident. Laborum eligendi corporis. Ut qui a.,https://robohash.org/quasideseruntmagnam.png?size=300x300&set=set1,12
30,The General,Cum dolorem et. Saepe eligendi ipsa. Similique magnam quia.,https://robohash.org/consequunturmolestiaevel.png?size=300x300&set=set1,0
25,The Elephant Man,Autem fuga recusandae. Occaecati molestiae nemo. Voluptatem animi omnis.,https://robohash.org/praesentiumvoluptatibusullam.png?size=300x300&set=set1,16
33,The Bridge on the River Kwai,Totam dolorem rerum. Omnis dicta dolorem. Qui quam sit.,https://robohash.org/voluptatesporroquidem.png?size=300x300&set=set1,18
89,The Apartment,Illo maxime id. Minima nostrum excepturi. Maxime rerum quasi.,https://robohash.org/facilisquodet.png?size=300x300&set=set1,12
74,Sunrise: A Song of Two Humans,Vel totam tenetur. Enim adipisci tempore. Voluptatibus voluptatum vel.,https://robohash.org/quisfugitin.png?size=300x300&set=set1,16
6,Star Wars: Episode VI - Return of the Jedi,Nisi fugiat sint. Et et ab. Quasi dolorem aspernatur.,https://robohash.org/assumendanobisnon.png?size=300x300&set=set1,16
65,Star Wars: Episode VII - The Force Awakens,Rerum inventore a. Sit provident iure. Inventore dicta nihil.,https://robohash.org/officiaconsecteturquasi.png?size=300x300&set=set1,6
97,Star Wars: Episode IV â€“ A New Hope,Recusandae et et. Beatae dignissimos aut. Necessitatibus et est.,https://robohash.org/exercitationemsedmaxime.png?size=300x300&set=set1,0
36,Stalker,Non ratione aut. Provident ut et. Laboriosam maxime et.,https://robohash.org/providentetmolestiae.png?size=300x300&set=set1,0
40,Spirited Away,Aperiam amet deserunt. Repellat laboriosam nulla. Amet quod eaque.,https://robohash.org/voluptatibusfugitsoluta.png?size=300x300&set=set1,16
84,Snatch,Et sunt consequatur. Repudiandae consectetur laudantium. Et temporibus quia.,https://robohash.org/illoinventoreodit.png?size=300x300&set=set1,6
31,Sholay,Ipsam quae perferendis. Ut sapiente et. Culpa omnis qui.,https://robohash.org/doloressitreiciendis.png?size=300x300&set=set1,18
32,Scarface,Veritatis odio praesentium. Sapiente in laborum. Sed nam qui.,https://robohash.org/nonofficiisenim.png?size=300x300&set=set1,6
81,Rocky,Quaerat quasi asperiores. Error deleniti similique. At itaque corporis.,https://robohash.org/saepedoloresunde.png?size=300x300&set=set1,18
8,Pulp Fiction,Animi consequatur cumque. Voluptas consequatur qui. Dicta voluptas occaecati.,https://robohash.org/utmagnamvoluptatum.png?size=300x300&set=set1,18
69,Princess Mononoke,Sunt alias cum. Ad eaque tempore. Officia placeat non.,https://robohash.org/cupiditatedelenitioptio.png?size=300x300&set=set1,6
18,Platoon,In voluptatem sit. Quia dolorem perspiciatis. Praesentium non molestiae.,https://robohash.org/suntvoluptatemeos.png?size=300x300&set=set1,12
46,Persona,Et voluptatibus occaecati. Aut est quaerat. Deserunt placeat laboriosam.,https://robohash.org/utnonsit.png?size=300x300&set=set1,16
95,Paths of Glory,Aut est nesciunt. Quia et dicta. Sint quo totam.,https://robohash.org/itaquefugiatpraesentium.png?size=300x300&set=set1,12
83,Once Upon a Time in America,Quae ab dolores. Incidunt eos itaque. Ratione repudiandae consequatur.,https://robohash.org/molestiaslaborerepellendus.png?size=300x300&set=set1,12
7,Oldboy,Placeat qui voluptate. Recusandae possimus blanditiis. Doloremque adipisci praesentium.,https://robohash.org/aeteius.png?size=300x300&set=set1,16
37,North by Northwest,Autem culpa et. Necessitatibus atque nostrum. Architecto quia odio.,https://robohash.org/quidemvoluptatemrepellendus.png?size=300x300&set=set1,16
29,North by Northwest,Expedita aut voluptatem. Quia sit vel. Et blanditiis consequuntur.,https://robohash.org/consequunturetillum.png?size=300x300&set=set1,12
11,"Monsters, Inc.",Consequatur debitis distinctio. Explicabo rerum dolorem. Fuga ratione vel.,https://robohash.org/inventoreinrepellat.png?size=300x300&set=set1,18
99,Million Dollar Baby,Sunt ut quod. Deleniti non excepturi. Et ad ea.,https://robohash.org/voluptatenonaperiam.png?size=300x300&set=set1,6
59,Million Dollar Baby,Cum autem et. Eum sapiente et. Consequatur illum voluptatem.,https://robohash.org/autilloperferendis.png?size=300x300&set=set1,0
67,Metropolis,Ipsum vel est. Iure veritatis sit. Occaecati aut non.,https://robohash.org/fugiatrepellatlaborum.png?size=300x300&set=set1,18
78,Memento,Autem dicta debitis. Ab repudiandae voluptas. Ratione ea maiores.,https://robohash.org/oditillumexcepturi.png?size=300x300&set=set1,16
51,Mary and Max,Aut est nihil. Placeat hic id. Iste optio rerum.,https://robohash.org/quodetvoluptas.png?size=300x300&set=set1,6
52,Mad Max: Fury Road,Neque omnis harum. Nobis mollitia pariatur. Nesciunt et quidem.,https://robohash.org/fugaidenim.png?size=300x300&set=set1,18
62,Lawrence of Arabia,Nesciunt non aperiam. Cum nesciunt minus. Architecto et et.,https://robohash.org/voluptaseaut.png?size=300x300&set=set1,12
39,La La Land,Aut qui dolores. Consequatur numquam et. Ut velit et.,https://robohash.org/accusamusvoluptatemiste.png?size=300x300&set=set1,18
80,La La Land,Nulla quia eum. Tenetur voluptatum eum. Quisquam blanditiis dolores.,https://robohash.org/idsuntdebitis.png?size=300x300&set=set1,12
48,Into the Wild,Quisquam reiciendis nostrum. Asperiores nam facilis. Nam nemo a.,https://robohash.org/nonquaesint.png?size=300x300&set=set1,16
77,Inside Out,Facilis ducimus ut. Velit doloremque quaerat. Ut quia aut.,https://robohash.org/pariaturestsunt.png?size=300x300&set=set1,16
90,Hacksaw Ridge,Non debitis non. Voluptas aut facere. Et aut quia.,https://robohash.org/iustovoluptatemnulla.png?size=300x300&set=set1,0
23,Gran Torino,Fugit nesciunt quibusdam. Ut id qui. Corrupti et quo.,https://robohash.org/ipsamollitiabeatae.png?size=300x300&set=set1,12
87,Gone Girl,Fugit delectus dolores. Ut dolorem exercitationem. Nihil inventore consequuntur.,https://robohash.org/perferendisteneturqui.png?size=300x300&set=set1,16
71,Gladiator,Quia alias sint. Soluta quam voluptas. Ea rem nesciunt.,https://robohash.org/auteosatque.png?size=300x300&set=set1,12
70,Gandhi,Pariatur dicta dignissimos. Dolore ut quibusdam. Labore reiciendis rerum.,https://robohash.org/adipiscireprehenderitmagni.png?size=300x300&set=set1,12
12,Fight Club,Numquam id corporis. Dolore sint consequatur. Sed eveniet fugiat.,https://robohash.org/autsolutaofficiis.png?size=300x300&set=set1,18
93,Eternal Sunshine of the Spotless Mind,Dolor dolorem voluptates. Beatae quaerat eius. Dolorem qui velit.,https://robohash.org/doloribusquaevel.png?size=300x300&set=set1,16
47,Dial M for Murder,Eum corrupti occaecati. Quos rerum nihil. Adipisci itaque quo.,https://robohash.org/quiaautquibusdam.png?size=300x300&set=set1,12
64,Dial M for Murder,Et dignissimos corporis. Nihil aut totam. Beatae dolore expedita.,https://robohash.org/consequaturconsequaturrecusandae.png?size=300x300&set=set1,6
85,Cool Hand Luke,Iure aut nobis. Quo accusantium tempora. Aut magnam dolor.,https://robohash.org/voluptasabblanditiis.png?size=300x300&set=set1,6
38,City of God,Eum ut earum. Quis consequatur voluptatem. Nemo nobis unde.,https://robohash.org/quissuscipithic.png?size=300x300&set=set1,18
56,City of God,Sit quasi laudantium. Quasi cumque qui. Quam recusandae veritatis.,https://robohash.org/expeditafugitnon.png?size=300x300&set=set1,6
82,Chinatown,Sit ut omnis. Esse cumque id. Voluptatem non ea.,https://robohash.org/architectoutalias.png?size=300x300&set=set1,6
24,Braveheart,Velit laborum tempora. Quia iure numquam. Dolorum et quisquam.,https://robohash.org/teneturfugasint.png?size=300x300&set=set1,6
91,Blade Runner 2049,Deserunt iusto amet. Quibusdam eos dolorem. Quis ut aliquid.,https://robohash.org/quifugitdolorum.png?size=300x300&set=set1,18
73,Bicycle Thieves,Et a libero. Assumenda neque asperiores. At voluptas molestiae.,https://robohash.org/voluptatessaepevoluptatem.png?size=300x300&set=set1,16
35,Beauty and the Beast,Quis expedita exercitationem. Neque doloremque aut. Ut rem rerum.,https://robohash.org/voluptatesestsoluta.png?size=300x300&set=set1,6
72,Beauty and the Beast,Beatae vel sit. Consectetur eaque provident. Doloribus praesentium accusantium.,https://robohash.org/dolorsequiautem.png?size=300x300&set=set1,6
54,A Clockwork Orange,Error placeat ut. Illum aut eligendi. Quia soluta sint.,https://robohash.org/vitaenesciuntvelit.png?size=300x300&set=set1,12
34,A Clockwork Orange,Ut consequatur et. Magni autem quia. Et quasi molestias.,https://robohash.org/excepturidoloremtempora.png?size=300x300&set=set1,18
61,A Beautiful Mind,Repudiandae minima mollitia. Doloribus rerum et. Voluptatem non in.,https://robohash.org/accusantiumidipsa.png?size=300x300&set=set1,16
15,2001: A Space Odyssey,Harum minima maiores. Voluptatem quae nam. Consequatur sed saepe.,https://robohash.org/incidunttemporequia.png?size=300x300&set=set1,18
17,2001: A Space Odyssey,Harum illum exercitationem. Quis vel qui. Est ut minima.,https://robohash.org/similiquevoluptatumid.png?size=300x300&set=set1,6
